{
  "operationConfig" : {
    "name" : "getNews8547",
    "type" : "MappedToBackend",
    "cachable" : false,
    "smsEnabled" : false,
    "security" : "public",
    "responseEncoding" : "UTF-8",
    "httpMethod" : "GET",
    "decodeResponseBody" : false,
    "iMapping" : "<?xml version=\"1.0\" encoding=\"UTF-8\" standalone=\"yes\"?>\n<mapper xmlns=\"http://www.kony.com/ns/mapper\">\n    <map inputpath=\"request_in\" outputpath=\"request_out\">\n        <set-param inputpath=\"type\" outputpath=\"type\"/>\n    </map>\n</mapper>\n",
    "oMapping" : "<?xml version=\"1.0\" encoding=\"UTF-8\" standalone=\"yes\"?><mapper xmlns=\"http://www.kony.com/ns/mapper\"><map inputpath=\"response_in\" outputpath=\"response_out\"><map inputpath=\"article\" outputpath=\"article\"><set-param inputpath=\"publishedby\" outputpath=\"publishedby\"/><set-param inputpath=\"description\" outputpath=\"description\"/><set-param inputpath=\"publisheddate\" outputpath=\"publisheddate\"/><set-param inputpath=\"id\" outputpath=\"id\"/><set-param inputpath=\"type\" outputpath=\"type\"/><set-param inputpath=\"headline\" outputpath=\"headline\"/></map></map></mapper>",
    "iVisualMappingData" : "{\"nodeDataArray\":[{\"isGroup\":true,\"key\":\"request_in\",\"text\":\"article\",\"xy\":\"150 100\"},{\"isGroup\":true,\"key\":\"request_out\",\"text\":\"NDTV (1.0).getNews\",\"xy\":\"770 100\"}],\"linkDataArray\":[{\"category\":\"Mapping\",\"visible\":true,\"from\":\"source:article:type:\",\"to\":\"target:type:\",\"fromPort\":\"source:article:type:\",\"toPort\":\"target:type:\"}],\"blockCount\":{\"variableCount\":0},\"variableMap\":{},\"xmlMappingOverride\":false}",
    "applyCommonMapping" : false,
    "applyRequestCommonMapping" : false,
    "applyResponseCommonMapping" : true,
    "backendMeta" : {
      "serviceName" : "NDTV",
      "serviceVersion" : "1.0",
      "operationName" : "getNews"
    },
    "relationshipHierarchyMapping" : {
      "children" : [ ],
      "name" : "article",
      "actions" : { },
      "selected" : true
    },
    "requestXmlMappingOverride" : false,
    "responseXmlMappingOverride" : false
  }
}