{
    "NativeFunctionAPI": {
        "iOS": {
            "11.0": {
                "Kony_FileStorage-iOS-11.0": {
                    "title": "Kony_FileStorage",
                    "platform": "iOS",
                    "os": "11.0",
                    "ci": true,
                    "isDefault": true,
                    "filename": "Kony_FileStorage-iOS-11.0.zip",
                    "nfiversion": "2.0",
                    "enable": true
                },
                "Kony_SyncV2-iOS-11.0": {
                    "title": "Kony_SyncV2",
                    "platform": "iOS",
                    "os": "11.0",
                    "ci": true,
                    "isDefault": true,
                    "filename": "Kony_SyncV2-iOS-11.0.zip",
                    "nfiversion": "2.0",
                    "enable": true
                },
                "Kony_SDKCommons-iOS-11.0": {
                    "title": "Kony_SDKCommons",
                    "platform": "iOS",
                    "os": "11.0",
                    "ci": true,
                    "isDefault": true,
                    "filename": "Kony_SDKCommons-iOS-11.0.zip",
                    "nfiversion": "2.0",
                    "enable": true
                }
            }
        },
        "Android": {
            "4.0": {
                "Kony_FileStorage-Android-4.0": {
                    "title": "Kony_FileStorage",
                    "platform": "Android",
                    "os": "4.0",
                    "ci": true,
                    "isDefault": true,
                    "filename": "Kony_FileStorage-Android-4.0.zip",
                    "enable": true
                },
                "Kony_SDKCommons-Android-4.0": {
                    "title": "Kony_SDKCommons",
                    "platform": "Android",
                    "os": "4.0",
                    "ci": true,
                    "isDefault": true,
                    "filename": "Kony_SDKCommons-Android-4.0.zip",
                    "enable": true
                },
                "Kony_SyncV2-Android-4.0": {
                    "title": "Kony_SyncV2",
                    "platform": "Android",
                    "os": "4.0",
                    "ci": true,
                    "isDefault": true,
                    "filename": "Kony_SyncV2-Android-4.0.zip",
                    "enable": true
                }
            }
        }
    },
    "Metadata": {
        "Version": {
            "iOS": "2.0"
        }
    }
}