{
  "operationConfig" : {
    "name" : "digitaldb_article_get3457",
    "type" : "MappedToBackend",
    "cachable" : false,
    "smsEnabled" : false,
    "security" : "public",
    "responseEncoding" : "UTF-8",
    "httpMethod" : "GET",
    "decodeResponseBody" : false,
    "iMapping" : "<?xml version=\"1.0\" encoding=\"UTF-8\" standalone=\"yes\"?>\n<mapper xmlns=\"http://www.kony.com/ns/mapper\">\n    <map inputpath=\"request_in\" outputpath=\"request_out\">\n        <exec-function name=\"kony.string:concat\" output=\"$vars\" outputpath=\"result1\">\n            <set-arg name=\"input1\" input=\"type eq \"/>\n            <set-arg inputpath=\"type\"/>\n        </exec-function>\n        <set-param inputpath=\"$vars/result1\" outputpath=\"$filter\"/>\n    </map>\n</mapper>\n",
    "oMapping" : "<?xml version=\"1.0\" encoding=\"UTF-8\" standalone=\"yes\"?><mapper xmlns=\"http://www.kony.com/ns/mapper\"><map inputpath=\"response_in\" outputpath=\"response_out\"><map inputpath=\"article\" outputpath=\"article\"><set-param inputpath=\"publishedby\" outputpath=\"publishedby\"/><set-param inputpath=\"description\" outputpath=\"description\"/><set-param inputpath=\"publisheddate\" outputpath=\"publisheddate\"/><set-param inputpath=\"id\" outputpath=\"id\"/><set-param inputpath=\"type\" outputpath=\"type\"/><set-param inputpath=\"headline\" outputpath=\"headline\"/></map></map></mapper>",
    "iVisualMappingData" : "{\"nodeDataArray\":[{\"isGroup\":true,\"key\":\"request_in\",\"text\":\"article\",\"xy\":\"150 100\"},{\"isGroup\":true,\"key\":\"request_out\",\"text\":\"digitaldb (1.0).digitaldb_article_get\",\"xy\":\"770 100\"},{\"key\":\"block:kony.string:concat:1\",\"name\":\"kony.string:stringConcatenate\",\"text\":\"String Concatenate\",\"category\":\"functionTemplateNTo1\",\"outPortId\":\"result1\",\"outPortText\":\"result\",\"valueArray\":[{\"inPortId\":\"input1\",\"inPortText\":\"value\",\"__gohashid\":3802},{\"inPortId\":\"input2\",\"inPortText\":\"value\",\"__gohashid\":4261}],\"loc\":\"517 244\",\"visible\":true},{\"key\":\"block:kony.util:constant:1\",\"name\":\"kony.basic:constant\",\"text\":\"Constant\",\"category\":\"functionTemplateConstant\",\"outPortId\":\"type eq \",\"outPortText\":\"value\",\"loc\":\"378 217\",\"visible\":true}],\"linkDataArray\":[{\"category\":\"Mapping\",\"visible\":true,\"from\":\"block:kony.util:constant:1\",\"to\":\"block:kony.string:concat:1\",\"fromPort\":\"type eq \",\"toPort\":\"input1\"},{\"category\":\"Mapping\",\"visible\":true,\"from\":\"source:article:type:\",\"to\":\"block:kony.string:concat:1\",\"fromPort\":\"source:article:type:\",\"toPort\":\"input2\"},{\"category\":\"Mapping\",\"visible\":true,\"from\":\"block:kony.string:concat:1\",\"to\":\"target:$filter:\",\"fromPort\":\"result1\",\"toPort\":\"target:$filter:\"}],\"blockCount\":{\"variableCount\":1,\"stringConcatenate\":1,\"constant\":1},\"variableMap\":{\"result1\":true},\"xmlMappingOverride\":false}",
    "applyCommonMapping" : false,
    "applyRequestCommonMapping" : false,
    "applyResponseCommonMapping" : true,
    "backendMeta" : {
      "serviceName" : "digitaldb",
      "serviceVersion" : "1.0",
      "operationName" : "digitaldb_article_get"
    },
    "relationshipHierarchyMapping" : {
      "children" : [ ],
      "name" : "article",
      "actions" : { },
      "selected" : true
    },
    "requestXmlMappingOverride" : false,
    "responseXmlMappingOverride" : false
  }
}