<?xml version="1.0" encoding="UTF-8" standalone="yes"?>
<service serviceGroup="" cachable="false" cacheduration="" description="" endpoint="default" groupType="" id="digitaldb_article_get" passwordencrypted="false" security="public" type="dataAdapterConnector" smscode="" smsenabled="false">
    <service-config>
        <config-param api-version="" appid="" name="preprocessorname" value=""/>
        <config-param api-version="" appid="" name="postprocessorname" value=""/>
        <config-param api-version="" appid="" name="preprocessorJS" value=""/>
        <config-param api-version="" appid="" name="postprocessorJS" value=""/>
        <config-param api-version="" appid="" name="preprocessorRules" value=""/>
        <config-param api-version="" appid="" name="postprocessorRules" value=""/>
        <config-param api-version="" appid="" name="kony_http_supported_methods" value="POST"/>
        <config-param api-version="" appid="" name="endpointUrl" value=""/>
        <config-param api-version="" appid="" name="opcode" value="query"/>
        <config-param api-version="" appid="" name="sockettimeout" value=""/>
        <config-param api-version="" appid="" name="entitymetadata" value="{&quot;entityAttributeTypeList&quot;:[{&quot;name&quot;:&quot;id&quot;,&quot;jdbcType&quot;:4,&quot;columnTypeName&quot;:&quot;INT&quot;,&quot;columnDecimalDigits&quot;:0,&quot;autoGenerated&quot;:false,&quot;creatable&quot;:true,&quot;updatable&quot;:false,&quot;primary&quot;:true,&quot;softDelete&quot;:false,&quot;lastModified&quot;:false},{&quot;name&quot;:&quot;headline&quot;,&quot;jdbcType&quot;:12,&quot;columnTypeName&quot;:&quot;VARCHAR&quot;,&quot;columnDecimalDigits&quot;:0,&quot;autoGenerated&quot;:false,&quot;creatable&quot;:true,&quot;updatable&quot;:true,&quot;primary&quot;:false,&quot;softDelete&quot;:false,&quot;lastModified&quot;:false},{&quot;name&quot;:&quot;description&quot;,&quot;jdbcType&quot;:12,&quot;columnTypeName&quot;:&quot;VARCHAR&quot;,&quot;columnDecimalDigits&quot;:0,&quot;autoGenerated&quot;:false,&quot;creatable&quot;:true,&quot;updatable&quot;:true,&quot;primary&quot;:false,&quot;softDelete&quot;:false,&quot;lastModified&quot;:false},{&quot;name&quot;:&quot;publisheddate&quot;,&quot;jdbcType&quot;:12,&quot;columnTypeName&quot;:&quot;VARCHAR&quot;,&quot;columnDecimalDigits&quot;:0,&quot;autoGenerated&quot;:false,&quot;creatable&quot;:true,&quot;updatable&quot;:true,&quot;primary&quot;:false,&quot;softDelete&quot;:false,&quot;lastModified&quot;:false},{&quot;name&quot;:&quot;type&quot;,&quot;jdbcType&quot;:4,&quot;columnTypeName&quot;:&quot;INT&quot;,&quot;columnDecimalDigits&quot;:0,&quot;autoGenerated&quot;:false,&quot;creatable&quot;:true,&quot;updatable&quot;:true,&quot;primary&quot;:false,&quot;softDelete&quot;:false,&quot;lastModified&quot;:false},{&quot;name&quot;:&quot;publishedby&quot;,&quot;jdbcType&quot;:12,&quot;columnTypeName&quot;:&quot;VARCHAR&quot;,&quot;columnDecimalDigits&quot;:0,&quot;autoGenerated&quot;:false,&quot;creatable&quot;:true,&quot;updatable&quot;:true,&quot;primary&quot;:false,&quot;softDelete&quot;:false,&quot;lastModified&quot;:false}],&quot;relationshipTypeList&quot;:[],&quot;name&quot;:&quot;article&quot;,&quot;schemaName&quot;:&quot;digitaldb&quot;,&quot;entityType&quot;:&quot;com.kony.rdbms.metadata.model.AnnotatedTable&quot;}"/>
        <config-param api-version="" appid="" name="metadataformatterobject" value="{&quot;displayName&quot;:&quot;article&quot;,&quot;qualifiedName&quot;:&quot;digitaldb.article&quot;,&quot;entityType&quot;:&quot;com.kony.rdbms.metadata.model.AnnotatedTable&quot;,&quot;name&quot;:&quot;article&quot;,&quot;schemaName&quot;:&quot;digitaldb&quot;,&quot;tableName&quot;:&quot;article&quot;}"/>
        <config-param api-version="" appid="" name="isCustomQuery" value="false"/>
        <config-param api-version="" appid="" name="customQuery" value=""/>
        <config-param api-version="" appid="" name="password" value="root"/>
        <config-param api-version="" appid="" name="http_auth_mode" value="none"/>
        <config-param api-version="" appid="" name="advancedSettings" value=""/>
        <config-param api-version="" appid="" name="jdbcUrl" value="jdbc:mysql://MSI:3306"/>
        <config-param api-version="" appid="" name="jdbcClass" value="com.mysql.jdbc.Driver"/>
        <config-param api-version="" appid="" name="userId" value="root"/>
        <config-param api-version="" appid="" name="maxPoolSize" value=""/>
        <config-param api-version="" appid="" name="connectionTimeout" value=""/>
        <config-param api-version="" appid="" name="authservicetype" value="IdentityProvider"/>
        <config-param api-version="" appid="" name="adaptertype" value="CUSTOM"/>
        <config-param api-version="" appid="" name="basepackage" value="com.kony.rdbms"/>
        <config-param api-version="" appid="" name="identityProviderType" value=""/>
        <config-param api-version="" appid="" name="identityProvider" value=""/>
        <config-param api-version="" appid="" name="mapped_to" value="digitaldb.article"/>
    </service-config>
    <service-input passthrough="false">
        <header datatype="" name="" passthrough="false"/>
        <template-param datatype="" defaultvalue="$select=${$select}&amp;$orderby=${$orderby}&amp;$top=${$top}&amp;$skip=${$skip}&amp;$expand=${$expand}&amp;$batchid=${$batchid}&amp;$batchsize=${$batchsize}&amp;$filter=${$filter}" description="" encode="false" format="" formatvalue="" name="criteria" order="" paramOrder="0" parentOrder="0" sms-name="" src="" sourcevalue="" srcformatvalue="" target="" targetdatatype="" value="$select=${$select}&amp;$orderby=${$orderby}&amp;$top=${$top}&amp;$skip=${$skip}&amp;$expand=${$expand}&amp;$batchid=${$batchid}&amp;$batchsize=${$batchsize}&amp;$filter=${$filter}">
            <accessType></accessType>
            <param datatype="string" defaultvalue="" description="" encode="false" format="" formatvalue="" name="$select" order="" paramOrder="0" parentOrder="0" sms-name="" src="" sourcevalue="" srcformatvalue="" target="" targetdatatype="" testvalue="" value="">
                <accessType>readonly</accessType>
            </param>
            <param datatype="string" defaultvalue="" description="" encode="false" format="" formatvalue="" name="$filter" order="" paramOrder="0" parentOrder="0" sms-name="" src="" sourcevalue="" srcformatvalue="" target="" targetdatatype="" testvalue="type eq 5" value="">
                <accessType>readonly</accessType>
            </param>
            <param datatype="string" defaultvalue="" description="" encode="false" format="" formatvalue="" name="$orderby" order="" paramOrder="0" parentOrder="0" sms-name="" src="" sourcevalue="" srcformatvalue="" target="" targetdatatype="" testvalue="" value="">
                <accessType>readonly</accessType>
            </param>
            <param datatype="string" defaultvalue="" description="" encode="false" format="" formatvalue="" name="$top" order="" paramOrder="0" parentOrder="0" sms-name="" src="" sourcevalue="" srcformatvalue="" target="" targetdatatype="" testvalue="" value="">
                <accessType>readonly</accessType>
            </param>
            <param datatype="string" defaultvalue="" description="" encode="false" format="" formatvalue="" name="$skip" order="" paramOrder="0" parentOrder="0" sms-name="" src="" sourcevalue="" srcformatvalue="" target="" targetdatatype="" testvalue="" value="">
                <accessType>readonly</accessType>
            </param>
            <param datatype="string" defaultvalue="" description="" encode="false" format="" formatvalue="" name="$expand" order="" paramOrder="0" parentOrder="0" sms-name="" src="" sourcevalue="" srcformatvalue="" target="" targetdatatype="" testvalue="" value="">
                <accessType>readonly</accessType>
            </param>
            <param datatype="string" defaultvalue="" description="" encode="false" format="" formatvalue="" name="$batchid" order="" paramOrder="0" parentOrder="0" sms-name="" src="" sourcevalue="" srcformatvalue="" target="" targetdatatype="" testvalue="" value="">
                <accessType>readonly</accessType>
            </param>
            <param datatype="string" defaultvalue="" description="" encode="false" format="" formatvalue="" name="$batchsize" order="" paramOrder="0" parentOrder="0" sms-name="" src="" sourcevalue="" srcformatvalue="" target="" targetdatatype="" testvalue="" value="">
                <accessType>readonly</accessType>
            </param>
        </template-param>
    </service-input>
    <service-output passthrough="false">
        <dataset defaultvalue="" id="article" order="" paramOrder="1" parentOrder="0" src="" testvalue="">
            <param datatype="number" defaultvalue="" description="" encode="true" format="None" formatvalue="" name="id" order="" paramOrder="2" parentOrder="1" passnull="false" sms-name="" src="" sourcevalue="" srcformatvalue="" target="response" targetdatatype="java.lang.String" testvalue="" value="">
                <accessType></accessType>
            </param>
            <param datatype="string" defaultvalue="" description="" encode="true" format="None" formatvalue="" name="headline" order="" paramOrder="3" parentOrder="1" passnull="false" sms-name="" src="" sourcevalue="" srcformatvalue="" target="response" targetdatatype="java.lang.String" testvalue="" value="">
                <accessType></accessType>
            </param>
            <param datatype="string" defaultvalue="" description="" encode="true" format="None" formatvalue="" name="description" order="" paramOrder="4" parentOrder="1" passnull="false" sms-name="" src="" sourcevalue="" srcformatvalue="" target="response" targetdatatype="java.lang.String" testvalue="" value="">
                <accessType></accessType>
            </param>
            <param datatype="string" defaultvalue="" description="" encode="true" format="None" formatvalue="" name="publisheddate" order="" paramOrder="5" parentOrder="1" passnull="false" sms-name="" src="" sourcevalue="" srcformatvalue="" target="response" targetdatatype="java.lang.String" testvalue="" value="">
                <accessType></accessType>
            </param>
            <param datatype="number" defaultvalue="" description="" encode="true" format="None" formatvalue="" name="type" order="" paramOrder="6" parentOrder="1" passnull="false" sms-name="" src="" sourcevalue="" srcformatvalue="" target="response" targetdatatype="java.lang.String" testvalue="" value="">
                <accessType></accessType>
            </param>
            <param datatype="string" defaultvalue="" description="" encode="true" format="None" formatvalue="" name="publishedby" order="" paramOrder="7" parentOrder="1" passnull="false" sms-name="" src="" sourcevalue="" srcformatvalue="" target="response" targetdatatype="java.lang.String" testvalue="" value="">
                <accessType></accessType>
            </param>
        </dataset>
    </service-output>
</service>
