{
	"AS_Button_dc745445698d4840a299be8e32d98f54": {
		"id": "AS_Button_dc745445698d4840a299be8e32d98f54",
		"type": "ACTION_SEQUENCE",
		"params": [
			{
				"datatype": "collection",
				"name": "eventobject"
			}
		],
		"contextObj": {
			"type": "forms",
			"platform": null,
			"KUID": "hbb9c6de3fe4495085f961a94bf36850",
			"name": "frmArticles"
		},
		"language": "js",
		"actions": [
			{
				"id": "INVOKE_FUNCTION__e90ee289915e49ecb3e5d9fe090c0a4b",
				"type": "INVOKE_FUNCTION",
				"sequenceKUID": "getArticles",
				"display": "getArticles",
				"inputparams": [
					{
						"name": "type",
						"value": "type.LATEST\t"
					}
				],
				"parentId": null,
				"callbackType": null,
				"disabled": null,
				"source": "controller"
			}
		]
	}
}