{
	"AS_Form_d70f076ad2d74f119adce38f70b4efd0": {
		"id": "AS_Form_d70f076ad2d74f119adce38f70b4efd0",
		"type": "ACTION_SEQUENCE",
		"params": [
			{
				"datatype": "collection",
				"name": "eventobject"
			}
		],
		"contextObj": {
			"type": "forms",
			"platform": null,
			"KUID": "hbb9c6de3fe4495085f961a94bf36850",
			"name": "frmArticles"
		},
		"language": "js",
		"actions": [
			{
				"id": "INVOKE_FUNCTION__f75363273ae14e4e80283bddcfad0f84",
				"type": "INVOKE_FUNCTION",
				"sequenceKUID": "initCallback",
				"display": "initCallback",
				"inputparams": [],
				"parentId": null,
				"callbackType": null,
				"disabled": null,
				"source": "controller"
			}
		]
	}
}