{
    "DNDConfig": null,
    "_height_": {
        "type": "ref",
        "value": "preferred"
    },
    "_margin_": [
        0,
        0,
        0,
        0
    ],
    "_orientation_": 6,
    "_padding_": [
        0,
        0,
        0,
        0
    ],
    "_percent_": true,
    "_skin_": "s02c864462b148b09bb2783c37cf400e",
    "_top_": {
        "type": "string",
        "value": "5dp"
    },
    "_width_": {
        "type": "string",
        "value": "95%"
    },
    "allboxes": [],
    "autogrowmode": 1,
    "canUpdateUI": true,
    "centerx": {
        "type": "string",
        "value": "50%"
    },
    "children": [
        "lblArticlePublishedDate",
        "lblArticlePublishedBy"
    ],
    "clipbounds": true,
    "containerId": true,
    "containerweight": 100,
    "enablescrolling": true,
    "id": "flxPublishDetails",
    "info": null,
    "iscustomlayout": false,
    "isvisible": true,
    "kuid": "fda08c2f6fb04e82967fe4d9774daeca",
    "layouttype": 3,
    "name": "kony.ui.FlexContainer",
    "parent": "flxArticle",
    "pf": "tplSegRow1",
    "retaincontentalignment": false,
    "retainflexpositionproperties": false,
    "retainflowhorizontalalignment": false,
    "snapgridsize": 10,
    "snaptogrid": true,
    "wType": "FlexContainer",
    "widgetalignment": 1,
    "zindex": 1
}