{
    "@class": "com.kony.gen.viz.model.component.KVizRichText",
    "DNDConfig": null,
    "_height_": {
        "type": "ref",
        "value": "preferred"
    },
    "_left_": {
        "type": "string",
        "value": "10dp"
    },
    "_margin_": [
        0,
        0,
        0,
        0
    ],
    "_padding_": [
        0,
        0,
        0,
        4
    ],
    "_skin_": "s63808cefd8d41e9abaa7f9fa22b0d9c",
    "_text_": "WI vs SL 1st Test Day 3 LIVE Score – Trailing by 102 runs to West Indies in the 1st innings, Sri Lanka fought back on the 3rd day led by brilliant batting from Lahiru Thirimanne & Oshada Fernando. At the end of Day 3 Sri Lanka has stretched their lead to 153 runs with a score of 255/4. ",
    "_top_": {
        "type": "string",
        "value": "10dp"
    },
    "_width_": {
        "type": "string",
        "value": "95%"
    },
    "_wrapping_": 2,
    "canUpdateUI": true,
    "containerId": true,
    "containerweight": 100,
    "contentalignment": 4,
    "id": "rtxArticleDetails",
    "info": null,
    "iscustomlayout": false,
    "isvisible": true,
    "kuid": "e097c48faf4c43dfa667e4e27978067a",
    "linkskin": "s5375fee22774e2bbd1e593b72e89812",
    "name": "kony.ui.RichText",
    "paddinginpixel": false,
    "parent": "flxArticle",
    "pf": "tplSegRow1",
    "retaincontentalignment": false,
    "retainflexpositionproperties": false,
    "wType": "RichText",
    "watchos": {
        "render": false
    },
    "widgetalignment": 5,
    "windows10": {
        "render": false
    },
    "winphone10": {
        "render": false
    },
    "zindex": 1
}