{
    "@class": "com.kony.gen.viz.model.component.KVizRichText",
    "DNDConfig": null,
    "_height_": {
        "type": "ref",
        "value": "preferred"
    },
    "_left_": {
        "type": "string",
        "value": "10dp"
    },
    "_margin_": [
        0,
        0,
        0,
        0
    ],
    "_padding_": [
        0,
        0,
        0,
        0
    ],
    "_skin_": "s545f822428b49ecbdf23e884878afde",
    "_text_": "Thirimanne and Oshada Fernando leads Sri Lanka’s fight back, takes 153 runs lead\n",
    "_top_": {
        "type": "string",
        "value": "10dp"
    },
    "_width_": {
        "type": "string",
        "value": "95%"
    },
    "_wrapping_": 2,
    "canUpdateUI": true,
    "containerId": true,
    "containerweight": 100,
    "contentalignment": 4,
    "id": "rtxArticleTitle",
    "info": null,
    "iscustomlayout": false,
    "isvisible": true,
    "kuid": "c489e23dbf0246e6b0c9f1901258ac65",
    "linkskin": "s5375fee22774e2bbd1e593b72e89812",
    "name": "kony.ui.RichText",
    "parent": "flxArticle",
    "pf": "tplSegRow1",
    "retaincontentalignment": false,
    "retainflexpositionproperties": false,
    "wType": "RichText",
    "watchos": {
        "render": false
    },
    "widgetalignment": 5,
    "windows10": {
        "render": false
    },
    "winphone10": {
        "render": false
    },
    "zindex": 1
}