{
    "@class": "com.kony.gen.viz.model.container.KVizScrollFlexForm",
    "DNDConfig": null,
    "_margin_": [
        0,
        0,
        0,
        0
    ],
    "_orientation_": 1,
    "_padding_": [
        0,
        0,
        0,
        0
    ],
    "_percent_": true,
    "_skin_": "s522282ec9e74884b391f97aade61afd",
    "_title_": null,
    "addWidgetsdone": false,
    "allboxes": [],
    "canUpdateUI": true,
    "children": [
        "flxSegRow1"
    ],
    "containerId": true,
    "containerweight": 100,
    "currentLocale": "default",
    "device": "Pixel3",
    "displayorientation": 3,
    "enabledforidletimeout": false,
    "id": "tplSegRow1",
    "info": null,
    "initdone": false,
    "inputaccessoryviewtype": 4,
    "intransitionconfig": {
        "formTransition": "None"
    },
    "iscustomlayout": false,
    "isvisible": true,
    "kuid": "e05d0906e6314d91970b3953fb433f03",
    "name": "kony.ui.Form2",
    "needappmenu": true,
    "outtransitionconfig": {
        "formTransition": "None"
    },
    "paddinginpixel": false,
    "platform": "spaan",
    "prevDevice": "iPhone11",
    "prevPlatform": "iphone",
    "retaincontentalignment": false,
    "retainflexpositionproperties": false,
    "retainscrollposition": false,
    "titlebar": true,
    "type": 3,
    "wType": "Form"
}