<?xml version="1.0" encoding="UTF-8" standalone="yes"?>
<service serviceGroup="" cachable="false" cacheduration="" description="" endpoint="default" groupType="" id="getNews" passwordencrypted="false" security="public" type="plainxmlserviceConnector" smscode="" smsenabled="false">
    <service-config>
        <config-param api-version="" appid="" name="preprocessorname" value=""/>
        <config-param api-version="" appid="" name="postprocessorname" value=""/>
        <config-param api-version="" appid="" name="preprocessorJS" value=""/>
        <config-param api-version="" appid="" name="postprocessorJS" value="function ndtvNewsPostProcessor () {&#10; logger.debug(&quot;Entering into ndtvNewsPostProcessor&quot;);&#10; var articles = result.findDataset(&quot;article&quot;);&#10;&#10; var numberofArticles = articles.getRecords().length;&#10; logger.debug(&quot;Number of articles: &quot;+numberofArticles);&#10;&#10; for (i = 0; i &lt; numberofArticles; i++) {&#10;  article = new com.konylabs.middleware.dataobject.Record();&#10;  article = articles.getRecord(i);&#10;  logger.debug(&quot;Processing the articles: &quot;+JSON.stringify(articles));&#10;&#10;  description = article.getParam(&quot;description&quot;).getValue();&#10;  logger.debug(&quot;Description name in this article: &quot;+description);&#10;  var processedDescription = description.replace(&quot;&lt;![CDATA[&quot;, &quot;&quot;);&#10;  processedDescription = processedDescription.replace(&quot;]]&gt;&quot;, &quot;&quot;);&#10;  processedDescription = processedDescription.replace(&quot;\\\&quot;/g&quot;, &quot;&quot;);&#10;  article.getParam(&quot;description&quot;).setValue(processedDescription);&#10;  &#10;  headline = article.getParam(&quot;headline&quot;).getValue();&#10;  logger.debug(&quot;Headline name in this article: &quot;+headline);&#10;  var processedHeadline = headline.replace(&quot;&lt;![CDATA[&quot;, &quot;&quot;);&#10;  processedHeadline = processedHeadline.replace(&quot;]]&gt;&quot;, &quot;&quot;);&#10;  processedHeadline = processedHeadline.replace(&quot;\\\&quot;/g&quot;, &quot;&quot;);&#10;  article.getParam(&quot;headline&quot;).setValue(processedHeadline);&#10;&#10; }&#10;&#10; logger.debug(&quot;Exiting out of ndtvNewsPostProcessor&quot;); &#10;}&#10;&#10;ndtvNewsPostProcessor();"/>
        <config-param api-version="" appid="" name="preprocessorRules" value=""/>
        <config-param api-version="" appid="" name="postprocessorRules" value=""/>
        <config-param api-version="" appid="" name="kony_http_supported_methods" value="POST"/>
        <config-param api-version="" appid="" name="endpointUrl" value="https://feeds.feedburner.com/$type"/>
        <config-param api-version="" appid="" name="ignorehttpproxy" value="true"/>
        <config-param api-version="" appid="" name="http.method" value="GET"/>
        <config-param api-version="" appid="" name="dataObjectName" value=""/>
        <config-param api-version="" appid="" name="sockettimeout" value=""/>
        <config-param api-version="" appid="" name="responseEncoding" value="UTF-8"/>
        <config-param api-version="" appid="" name="isembedxmlpresent" value="false"/>
        <config-param api-version="" appid="" name="retrycount" value="0"/>
    </service-config>
    <service-input passthrough="false">
        <header datatype="" name="" passthrough="false"/>
        <param datatype="string" defaultvalue="" description="" encode="true" format="None" formatvalue="" name="type" order="" paramOrder="1" parentOrder="-1" passnull="false" sms-name="" src="request" sourcevalue="" srcformatvalue="" target="request" targetdatatype="java.lang.String" testvalue="ndtvnews-top-stories" value="">
            <accessType></accessType>
        </param>
        <stub-param value=""/>
    </service-input>
    <service-output passthrough="false">
        <dataset defaultvalue="" id="article" order="" paramOrder="1" parentOrder="0" src="//channel" testvalue="">
            <param datatype="number" defaultvalue="" description="" encode="true" format="None" formatvalue="" name="id" order="" paramOrder="2" parentOrder="1" passnull="false" sms-name="" src="item/guid" sourcevalue="" srcformatvalue="" target="response" targetdatatype="java.lang.String" testvalue="" value="">
                <accessType></accessType>
            </param>
            <param datatype="string" defaultvalue="" description="" encode="true" format="None" formatvalue="" name="headline" order="" paramOrder="3" parentOrder="1" passnull="false" sms-name="" src="item/title" sourcevalue="" srcformatvalue="" target="response" targetdatatype="java.lang.String" testvalue="" value="">
                <accessType></accessType>
            </param>
            <param datatype="string" defaultvalue="" description="" encode="true" format="None" formatvalue="" name="description" order="" paramOrder="4" parentOrder="1" passnull="false" sms-name="" src="item/description" sourcevalue="" srcformatvalue="" target="response" targetdatatype="java.lang.String" testvalue="" value="">
                <accessType></accessType>
            </param>
            <param datatype="string" defaultvalue="" description="" encode="true" format="None" formatvalue="" name="publisheddate" order="" paramOrder="5" parentOrder="1" passnull="false" sms-name="" src="item/pubDate" sourcevalue="" srcformatvalue="" target="response" targetdatatype="java.lang.String" testvalue="" value="">
                <accessType></accessType>
            </param>
            <param datatype="string" defaultvalue="" description="" encode="true" format="None" formatvalue="" name="publishedby" order="" paramOrder="6" parentOrder="1" passnull="false" sms-name="" src="item/source" sourcevalue="" srcformatvalue="" target="response" targetdatatype="java.lang.String" testvalue="" value="">
                <accessType></accessType>
            </param>
        </dataset>
    </service-output>
</service>
