{
    "PresentationControllerConfig": {
        "Default": {
            "PresentationExtensions": [],
            "PresentationControllerClass": "News/PresentationControllers/PresentationController"
        }
    },
    "Forms": {
        "mobile": {
            "frmArticleDetails": {
                "ControllerExtensions": [],
                "FormController": "kony.mvc.MDAFormController",
                "Controller": "News/frmArticleDetailsController",
                "FormName": "News/frmArticleDetails"
            },
            "frmArticles": {
                "ControllerExtensions": [],
                "FormController": "kony.mvc.MDAFormController",
                "Controller": "News/frmArticlesController",
                "FormName": "News/frmArticles",
                "friendlyName": "frmArticles"
            }
        }
    },
    "ModuleType": "UIModule",
    "ModuleName": "News"
}