{
  "subType" : "customapp",
  "description" : "NDTV",
  "version" : "1.0",
  "intSvcs" : [ {
    "name" : "digitaldb",
    "version" : "1.0",
    "etag" : "78de8bf0-16c5-4b65-b95d-fab540fb1f72"
  }, {
    "name" : "NDTV",
    "version" : "1.0",
    "etag" : "1688bcf5-88c2-4fd2-baca-6a78abea8380"
  } ],
  "objectSvcs" : [ {
    "name" : "DigitalObjects",
    "version" : "1.0",
    "etag" : "54af91b1-00eb-4b95-9e90-23dafc31696d"
  } ],
  "identitySvcConf" : "{\"session_idle_timeout_mins\":20,\"session_max_duration_mins\":360,\"show_security_attributes\":false,\"is_integrity_enabled\":false,\"auto_extend\":true}"
}