{
    "@class": "com.kony.gen.viz.model.component.KVizButton",
    "DNDConfig": null,
    "_height_": {
        "type": "string",
        "value": "50dp"
    },
    "_left_": {
        "type": "string",
        "value": "10dp"
    },
    "_margin_": [
        6,
        6,
        6,
        6
    ],
    "_padding_": [
        7,
        0,
        7,
        0
    ],
    "_skin_": "se1b3e7902574b2ea51c9cfc17e1cca0",
    "_text_": "Travel",
    "_top_": {
        "type": "string",
        "value": "22dp"
    },
    "_width_": {
        "type": "ref",
        "value": "preferred"
    },
    "canUpdateUI": true,
    "centery": {
        "type": "string",
        "value": "50%"
    },
    "containerweight": 100,
    "contentalignment": 5,
    "displaytext": true,
    "focusskin": "s12e0d1e12284842a2265cd6c44441b7",
    "id": "btnTravel",
    "info": null,
    "iscustomlayout": false,
    "isvisible": true,
    "kuid": "jba609a36d2342b7adb59568c6549ac4",
    "name": "kony.ui.Button",
    "paddinginpixel": false,
    "parent": "flxArticleTypesSection",
    "pf": "frmArticles",
    "retaincontentalignment": false,
    "retainflexpositionproperties": false,
    "wType": "Button",
    "zindex": 1
}