{
  "subType" : "customapp",
  "description" : "News",
  "version" : "1.0",
  "intSvcs" : [ {
    "name" : "digitaldb",
    "version" : "1.0",
    "etag" : "78de8bf0-16c5-4b65-b95d-fab540fb1f72"
  } ],
  "objectSvcs" : [ {
    "name" : "DigitalObjects",
    "version" : "1.0",
    "etag" : "3e577f8a-27c4-4585-9cac-36f28cbc8f52"
  } ],
  "identitySvcConf" : "{\"session_idle_timeout_mins\":20,\"session_max_duration_mins\":360,\"show_security_attributes\":false,\"is_integrity_enabled\":false,\"auto_extend\":true}"
}