<?xml version="1.0" encoding="UTF-8" standalone="yes"?>
<endpoint name="default" dataAdapterId="1" type="CustomDataAdapter" encryptSecureInfo="false">
    <config>
        <entry>
            <key>password</key>
            <value>root</value>
        </entry>
        <entry>
            <key>http_auth_mode</key>
            <value>none</value>
        </entry>
        <entry>
            <key>advancedSettings</key>
            <value></value>
        </entry>
        <entry>
            <key>jdbcUrl</key>
            <value>jdbc:mysql://MSI:3306</value>
        </entry>
        <entry>
            <key>identityProviderType</key>
        </entry>
        <entry>
            <key>jdbcClass</key>
            <value>com.mysql.jdbc.Driver</value>
        </entry>
        <entry>
            <key>userId</key>
            <value>root</value>
        </entry>
        <entry>
            <key>maxPoolSize</key>
            <value></value>
        </entry>
        <entry>
            <key>connectionTimeout</key>
            <value></value>
        </entry>
        <entry>
            <key>identityProvider</key>
        </entry>
        <entry>
            <key>authservicetype</key>
            <value>IdentityProvider</value>
        </entry>
    </config>
    <apiThrottling/>
    <jsonpath>false</jsonpath>
</endpoint>
